{
  "type": "logistic_regression",
  "intercept": -0.15942128371833825,
  "coefficients": {
    "season": -0.010173626949715252,
    "confessionals_prev_ep": -0.11941777895080663,
    "confessionals_last_2_ep": 0.22126550288578634,
    "confessionals_last_3_ep": 0.09559436907794924,
    "confessionals_cumulative": -0.22679753902363753,
    "confessional_time_prev_ep": 0.3378720347777907,
    "confessional_time_last_2_ep": -0.5792975595245107,
    "confessional_time_last_3_ep": 0.14231366150334346,
    "confessional_time_cumulative": 0.04028615120679063,
    "votes_against_prev_ep": 0.06425831154729898,
    "votes_against_last_2_ep": 0.017417169104889146,
    "votes_against_last_3_ep": 0.04563901574114135,
    "votes_against_cumulative": -0.1303925864450944,
    "times_received_votes": 0.26331635882280824,
    "voting_accuracy_prev_ep": -0.18802395656640714,
    "voting_accuracy_last_2_ep": 0.08106102473357289,
    "voting_accuracy_last_3_ep": -0.24586497369031876,
    "voting_accuracy_cumulative": 0.015212747391703727,
    "individual_wins_prev_ep": -0.06133309135540702,
    "individual_wins_last_2_ep": 0.10543388499086531,
    "individual_wins_last_3_ep": 0.10028000749644676,
    "individual_wins_cumulative": -0.015524651325908929,
    "num_tribe_swaps": -0.010041851166884424,
    "has_idol": -0.31894173968012357,
    "has_extra_vote": -0.07770627172037556,
    "has_steal_vote": -0.10615683489851264,
    "has_block_vote": 0.00030050782470363176,
    "has_idol_nullifier": 0.0018307328670059593,
    "has_other_advantage": -0.010804025176252875,
    "advantages_in_circulation": 0.09975439513741173,
    "players_remaining": -0.45813317073594306,
    "day": -0.0677158320215053,
    "gender": 0.06753458601177839,
    "age": -0.22629165889934497,
    "age_bucket": 0.12016457264303583,
    "race_cat": -0.04816725458438567,
    "collar": -0.02915844917515295,
    "personality_type": 0.0494101921557932
  },
  "scaler_mean": {
    "season": 27.541507024265645,
    "confessionals_prev_ep": 3.2707535121328224,
    "confessionals_last_2_ep": 6.202107279693487,
    "confessionals_last_3_ep": 8.902618135376756,
    "confessionals_cumulative": 24.413793103448278,
    "confessional_time_prev_ep": 15.90868454661558,
    "confessional_time_last_2_ep": 29.810025542784164,
    "confessional_time_last_3_ep": 42.58269476372924,
    "confessional_time_cumulative": 109.98467432950191,
    "votes_against_prev_ep": 0.4074074074074074,
    "votes_against_last_2_ep": 0.7413793103448276,
    "votes_against_last_3_ep": 1.01213282247765,
    "votes_against_cumulative": 2.0986590038314175,
    "times_received_votes": 0.9779693486590039,
    "voting_accuracy_prev_ep": 0.5799808429118773,
    "voting_accuracy_last_2_ep": 0.6423584504044274,
    "voting_accuracy_last_3_ep": 0.6637186036611323,
    "voting_accuracy_cumulative": 0.7226013990621272,
    "individual_wins_prev_ep": 0.15134099616858238,
    "individual_wins_last_2_ep": 0.2570242656449553,
    "individual_wins_last_3_ep": 0.32567049808429116,
    "individual_wins_cumulative": 0.41411238825031926,
    "num_tribe_swaps": 2.305874840357599,
    "has_idol": 0.1756066411238825,
    "has_extra_vote": 0.030012771392081736,
    "has_steal_vote": 0.009259259259259259,
    "has_block_vote": 0.0019157088122605363,
    "has_idol_nullifier": 0.004789272030651341,
    "has_other_advantage": 0.015644955300127713,
    "advantages_in_circulation": 2.5533205619412516,
    "players_remaining": 8.484674329501916,
    "day": 26.65964240102171,
    "gender": 0.5213920817369093,
    "age": 33.19827586206897,
    "age_bucket": 1.6743295019157087,
    "race_cat": 3.0756704980842913,
    "collar": 1.879948914431673,
    "personality_type": 6.975095785440613
  },
  "scaler_std": {
    "season": 13.675863694580126,
    "confessionals_prev_ep": 2.754562047930238,
    "confessionals_last_2_ep": 4.417798455867443,
    "confessionals_last_3_ep": 5.75925316137299,
    "confessionals_cumulative": 14.656275970770869,
    "confessional_time_prev_ep": 41.11945609016258,
    "confessional_time_last_2_ep": 71.38962303809775,
    "confessional_time_last_3_ep": 98.36809824781358,
    "confessional_time_cumulative": 252.67137834670137,
    "votes_against_prev_ep": 1.0921974738509432,
    "votes_against_last_2_ep": 1.523183678667452,
    "votes_against_last_3_ep": 1.8167606001186922,
    "votes_against_cumulative": 2.7794926335698382,
    "times_received_votes": 1.1192441638989796,
    "voting_accuracy_prev_ep": 0.4785535739268666,
    "voting_accuracy_last_2_ep": 0.3922408004591189,
    "voting_accuracy_last_3_ep": 0.3489246904683412,
    "voting_accuracy_cumulative": 0.2439892695734608,
    "individual_wins_prev_ep": 0.3866648367541965,
    "individual_wins_last_2_ep": 0.5519313200408954,
    "individual_wins_last_3_ep": 0.656973616912166,
    "individual_wins_cumulative": 0.8006814292202159,
    "num_tribe_swaps": 1.9230878531944142,
    "has_idol": 0.380485149141291,
    "has_extra_vote": 0.1706224045823068,
    "has_steal_vote": 0.09577852252582036,
    "has_block_vote": 0.043726866706947615,
    "has_idol_nullifier": 0.06903864790150342,
    "has_other_advantage": 0.12409750470410243,
    "advantages_in_circulation": 2.482126109028819,
    "players_remaining": 2.4787902571918936,
    "day": 6.9724686375413105,
    "gender": 0.507783205405703,
    "age": 9.919759018955187,
    "age_bucket": 1.1951658819169075,
    "race_cat": 1.4486821963384084,
    "collar": 1.2421992598700429,
    "personality_type": 4.726358031282363
  },
  "feature_order": [
    "season",
    "confessionals_prev_ep",
    "confessionals_last_2_ep",
    "confessionals_last_3_ep",
    "confessionals_cumulative",
    "confessional_time_prev_ep",
    "confessional_time_last_2_ep",
    "confessional_time_last_3_ep",
    "confessional_time_cumulative",
    "votes_against_prev_ep",
    "votes_against_last_2_ep",
    "votes_against_last_3_ep",
    "votes_against_cumulative",
    "times_received_votes",
    "voting_accuracy_prev_ep",
    "voting_accuracy_last_2_ep",
    "voting_accuracy_last_3_ep",
    "voting_accuracy_cumulative",
    "individual_wins_prev_ep",
    "individual_wins_last_2_ep",
    "individual_wins_last_3_ep",
    "individual_wins_cumulative",
    "num_tribe_swaps",
    "has_idol",
    "has_extra_vote",
    "has_steal_vote",
    "has_block_vote",
    "has_idol_nullifier",
    "has_other_advantage",
    "advantages_in_circulation",
    "players_remaining",
    "day",
    "gender",
    "age",
    "age_bucket",
    "race_cat",
    "collar",
    "personality_type"
  ],
  "label_encoders": {
    "gender": {
      "Female": 0,
      "Male": 1,
      "Non-binary": 2
    },
    "age_bucket": {
      "18-24": 0,
      "25-29": 1,
      "30-39": 2,
      "40-49": 3,
      "50+": 4
    },
    "race_cat": {
      "Asian": 0,
      "Black": 1,
      "Latino/Hispanic": 2,
      "Native American": 3,
      "White": 4
    },
    "collar": {
      "Blue collar": 0,
      "No collar": 1,
      "Unknown": 2,
      "White collar": 3
    },
    "personality_type": {
      "ENFJ": 0,
      "ENFP": 1,
      "ENTJ": 2,
      "ENTP": 3,
      "ESFJ": 4,
      "ESFP": 5,
      "ESTJ": 6,
      "ESTP": 7,
      "INFJ": 8,
      "INFP": 9,
      "INTJ": 10,
      "INTP": 11,
      "ISFJ": 12,
      "ISFP": 13,
      "ISTJ": 14,
      "ISTP": 15,
      "Unknown": 16
    }
  },
  "xgb_cv_auc_roc": 0.6225121289338056,
  "xgb_cv_avg_precision": 0.1901800229504215,
  "xgb_feature_importance": [
    {
      "feature": "season",
      "importance": 0.025236206129193306
    },
    {
      "feature": "confessionals_prev_ep",
      "importance": 0.021500378847122192
    },
    {
      "feature": "confessionals_last_2_ep",
      "importance": 0.021984733641147614
    },
    {
      "feature": "confessionals_last_3_ep",
      "importance": 0.027735237032175064
    },
    {
      "feature": "confessionals_cumulative",
      "importance": 0.02582189254462719
    },
    {
      "feature": "confessional_time_prev_ep",